period,Training loss,Validation loss,Training accuracy,Validation accuracy,Training time,Validation time
1,0.19427792624686696,0.14172604993367807,0.9232826576576577,0.9459935897435897,4:05:18,0:08:35
2,0.09356724788988263,0.1849341163990828,0.9669017637767638,0.947275641025641,3:48:15,0:08:38
3,0.043892880533607626,0.2322505864844574,0.9868484555984556,0.9464743589743589,4:01:42,0:08:31
